,,,,,,,,,,,,,,,,,,,,,,,,,,,,,,,,,,,,,,,,,,,,,,,,,,,,,,,,,,,,,,,,,,,,,,,,,,,,,,,
,Cost Estimating Schedule Milestones,,,,,,,,,,,,,,,,,,,,,,,,,,,,,,,,,,,,,,,,,,,,,,,,,,,,,,,,,,,,,,,,,,,,,,,,,,,,,,
,,,,,,,,,,,,,,,,,,,,,,,,,,,,,,,,,,,,,Estimating Milestone,,,,,,,,,,,,,,,,,,,,,,,,,,,,,,Construction Milestones,,,,,,,,,,,,
Row,Cost Estimator,Cost Estimator Request,,ADE,,Project Manager,Project Engineer,,,Design Estimator,,Construction Contractor,Bundle ID,Post Estimate,PMO ID ,Order,Multiple Order,MAT,Project Name,Work Stream,Work Type,Engr Plan Year,Const Plan Year,Commitment Date,Station,Line,MP1,MP2,MI/ft/Ct,,City,County,,,,,Class 5,,Class 4,,Class 3 ,,Class 2,,Negotiate Price,,JE Ready to Route,,JE Approved,,Estimate Analysis,,30% Design Review Meeting,,30% Design Available,,60% Design Review Meeting,,60% Design Available,,90% Design Review Meeting,,90% Design Available,,IFC,,NTP,,MOB,,Tie-In,,ENRO,,Unit Capture,,,Notes,Edit
1,"Smithers, Johnny",Assigned,,Joe Smith,,A name 1,Some Name 1,,,,,Contractor 1,PB-1111,,A-1111,740000001,No,H12,A Project name with information 1,In-Line Inspection,In-Line Inspection,2024,2025,1-Jan-2025,,L-200,125.25,126.25,,,A City 1,County 1,,,,,2-Oct-25,,,,1-Nov-25,,2-Dec-25,,2-Feb-25,,26-Jan-26,,27-Jan-26,,,,,,1-Nov-25,,1-Dec-25,,12-Dec-25,,1-Dec-25,,30-Dec-25,,1-Jan-26,,,,2-Apr-26,,10-Apr-26,,,,31-Dec-26,,,,
2,Joey Smither,Assigned,,Janney Red,,A Name 2,Some Name 2,,,,,Contractor 2,PB-1112,,A-1235,740000002,No,751,A Project name with information 2,Assest Engineering,Assest Engineering,2024,2025,2-Jan-2025,,L-300B,125.25,126.25,,,A City 2,County 2,,,,,2-Oct-25,,,,1-Nov-25,,2-Dec-25,,2-Feb-25,,26-Jan-26,,27-Jan-26,,,,,,1-Nov-25,,1-Dec-25,,12-Dec-25,,1-Dec-25,,30-Dec-25,,1-Jan-26,,,,2-Apr-26,,10-Apr-26,,,,31-Dec-26,,,,
3,John Smith,Assigned,,Paul Smith,,A name 3,Some Name 3,,,,,Contractor 3,PB-1113,,A-1236,740000003,No,H13,A Project name with information 3,Replacement,Replacement,2024,2025,3-Jan-2025,Station Name,L-164,125.25,126.25,,,A City 3,County 3,,,,,2-Oct-25,,,,1-Nov-25,,2-Dec-25,,2-Feb-25,,26-Jan-26,,27-Jan-26,,,,,,1-Nov-25,,1-Dec-25,,12-Dec-25,,1-Dec-25,,30-Dec-25,,1-Jan-26,,,,2-Apr-26,,10-Apr-26,,,,31-Dec-26,,,,
4,John Smith,Assigned,,Joe Smith,,A name 4,Some Name 4,,,,,Contractor 4,PB-1114,,T-1234,740000004,No,752,A Project name with information 4,Replacement,Replacement,2024,2025,4-Jan-2025,,L-400,125.25,126.25,,,A City 4,County 4,,,,,2-Oct-25,,,,1-Nov-25,,2-Dec-25,,2-Feb-25,,26-Jan-26,,27-Jan-26,,,,,,1-Nov-25,,1-Dec-25,,12-Dec-25,,1-Dec-25,,30-Dec-25,,1-Jan-26,,,,2-Apr-26,,10-Apr-26,,,,31-Dec-26,,,,
5,Jane Smith,Assigned,,Janney Red,,A name 5,Some Name 5,,,,,Contractor 5,,,T-1235,740000005,No,H14,A Project name with information 5,Replacement,Replacement,2024,2025,5-Jan-2025,,L-300A,125.25,126.25,,,A City 5,County 5,,,,,2-Oct-25,,,,1-Nov-25,,2-Dec-25,,2-Feb-25,,26-Jan-26,,27-Jan-26,,,,,,1-Nov-25,,1-Dec-25,,12-Dec-25,,1-Dec-25,,30-Dec-25,,1-Jan-26,,,,2-Apr-26,,10-Apr-26,,,,31-Dec-26,,,,
6,Jane Smith,Assigned,,Paul Smith,,A name 1,Some Name 4,,,,,Contractor 7,,,T-1236,740000006,No,753,A Project name with information 6,Replacement,Replacement,2024,2025,6-Jan-2025,,L-201,125.25,126.25,,,A City 6,County 6,,,,,2-Oct-25,,,,1-Nov-25,,2-Dec-25,,2-Feb-25,,26-Jan-26,,27-Jan-26,,,,,,1-Nov-25,,1-Dec-25,,12-Dec-25,,1-Dec-25,,30-Dec-25,,1-Jan-26,,,,2-Apr-26,,10-Apr-26,,,,31-Dec-26,,,,
7,Jane Smith,Assigned,,Joe Smith,,A name 1,Some Name 1,,,,,Contractor 7,,,T-1237,740000007,No,H15,A Project name with information 7,Replacement,Station,2024,2025,,,L-300B,125.25,126.25,,,A City 7,County 7,,,,,2-Oct-25,,,,1-Nov-25,,2-Dec-25,,2-Feb-25,,26-Jan-26,,27-Jan-26,,,,,,1-Nov-25,,1-Dec-25,,12-Dec-25,,1-Dec-25,,30-Dec-25,,1-Jan-26,,,,2-Apr-26,,10-Apr-26,,,,31-Dec-26,,,,
8,Jane Smith,,,Paul Smith,,A name 5,Some Name 4,,,,,Contractor 7,,,C-1234,840000001,No,754,A Project name with information 8,Station,Strength Test,2024,2025,8-Jan-2025,Staion Name,L-636,125.25,126.25,,,A City 8,County 8,,,,,2-Oct-25,,,,1-Nov-25,,2-Dec-25,,2-Feb-25,,26-Jan-26,,27-Jan-26,,,,,,1-Nov-25,,1-Dec-25,,12-Dec-25,,1-Dec-25,,30-Dec-25,,1-Jan-26,,,,2-Apr-26,,10-Apr-26,,,,31-Dec-26,,,,
9,Jane Smith,Assigned,,Paul Smith,,A name 4,Some Name 1,,,,,Contractor 4,PB-1111,,C-1235,840000002,No,H16,A Project name with information 9,Strength Test,Corrosion,2024,2025,9-Jan-2025,Staion Name,L-872,125.25,126.25,,,A City 9,County 9,,,,,2-Oct-25,,,,1-Nov-25,,2-Dec-25,,2-Feb-25,,26-Jan-26,,27-Jan-26,,,,,,1-Nov-25,,1-Dec-25,,12-Dec-25,,1-Dec-25,,30-Dec-25,,1-Jan-26,,,,2-Apr-26,,10-Apr-26,,,,31-Dec-26,,,,
10,Jane Smith,Assigned,,Joe Smith,,A name 5,Some Name 1,,,,,Contractor 7,PB-1112,,C-1236,840000003,No,755,A Project name with information 10,Corrosion,Digs,2024,2025,10-Jan-2025,Staion Name,L-300A,125.25,126.25,,,A City 10,County 10,,,,,2-Oct-25,,,,1-Nov-25,,2-Dec-25,,2-Feb-25,,26-Jan-26,,27-Jan-26,,,,,,1-Nov-25,,1-Dec-25,,12-Dec-25,,1-Dec-25,,30-Dec-25,,1-Jan-26,,,,2-Apr-26,,10-Apr-26,,,,31-Dec-26,,,,
11,Jane Smith,,,Joe Smith,,A name 4,,,,Someones Name,,Contractor 4,PB-1113,,C-1237,840000004,No,H17,A Project name with information 11,Digs,In-Line Inspection,2024,2025,11-Jan-2025,Staion Name,L-202,125.25,126.25,,,A City 11,County 11,,,,,2-Oct-25,,,,1-Nov-25,,2-Dec-25,,2-Feb-25,,26-Jan-26,,27-Jan-26,,,,,,1-Nov-25,,1-Dec-25,,12-Dec-25,,1-Dec-25,,30-Dec-25,,1-Jan-26,,,,2-Apr-26,,10-Apr-26,,,,31-Dec-26,,,,
12,Jane Smith,,,Joe Smith,,A name 4,,,,Someones Name,,Contractor 2,PB-1114,,C-1238,840000005,No,756,A Project name with information 12,In-Line Inspection,Assest Engineering,2024,2025,12-Jan-2025,Staion Name,L-300B,125.25,126.25,,,A City 12,County 12,,,,,2-Oct-25,,,,1-Nov-25,,2-Dec-25,,2-Feb-25,,26-Jan-26,,27-Jan-26,,,,,,1-Nov-25,,1-Dec-25,,12-Dec-25,,1-Dec-25,,30-Dec-25,,1-Jan-26,,,,2-Apr-26,,10-Apr-26,,,,31-Dec-26,,,,
13,Jane Smith,,,Joe Smith,,A name 5,Some Name 1,,,Someones Name,,TBD,PB-1115,,R-1234,840000006,No,H18,A Project name with information 13,Assest Engineering,Replacement,2024,2025,13-Jan-2025,Staion Name,L-1108,125.25,126.25,,,A City 13,County 13,,,,,2-Oct-25,,,,1-Nov-25,,2-Dec-25,,2-Feb-25,,26-Jan-26,,27-Jan-26,,,,,,1-Nov-25,,1-Dec-25,,12-Dec-25,,1-Dec-25,,30-Dec-25,,1-Jan-26,,,,2-Apr-26,,10-Apr-26,,,,31-Dec-26,,,,
14,Jane Smith,Assigned,,Janney Red,,A name 4,,,,Someones Name,,Contractor 2,PB-1116,,R-1235,840000007,No,757,A Project name with information 14,Replacement,Replacement,2024,2025,14-Jan-2025,Staion Name,L-1344,125.25,126.25,,,A City 14,County 14,,,,,2-Oct-25,,,,1-Nov-25,,2-Dec-25,,2-Feb-25,,26-Jan-26,,27-Jan-26,,,,,,1-Nov-25,,1-Dec-25,,12-Dec-25,,1-Dec-25,,30-Dec-25,,1-Jan-26,,,,2-Apr-26,,10-Apr-26,,,,31-Dec-26,,,,
15,Jane Smith,,,Paul Smith,,A name 4,,,,,,TBD,PB-1117,,R-1236,840000008,No,H19,A Project name with information 15,Replacement,Replacement,2024,2025,15-Jan-2025,Staion Name,L-300A,125.25,126.25,,,A City 15,County 15,,,,,2-Oct-25,,,,1-Nov-25,,2-Dec-25,,2-Feb-25,,26-Jan-26,,27-Jan-26,,,,,,1-Nov-25,,1-Dec-25,,12-Dec-25,,1-Dec-25,,30-Dec-25,,1-Jan-26,,,,2-Apr-26,,10-Apr-26,,,,31-Dec-26,,,,
16,Jane Smith,Assigned,,Joe Smith,,A name 3,Some Name 1,,,,,Contractor 2,PB-1118,,R-1237,840000009,No,758,A Project name with information 16,Replacement,Replacement,2024,2025,16-Jan-2025,Staion Name,L-203,125.25,126.25,,,A City 16,County 16,,,,,2-Oct-25,,,,1-Nov-25,,,,2-Feb-25,,26-Jan-26,,27-Jan-26,,,,,,1-Nov-25,,1-Dec-25,,12-Dec-25,,1-Dec-25,,30-Dec-25,,1-Jan-26,,,,2-Apr-26,,10-Apr-26,,,,31-Dec-26,,,,
17,Jane Smith,,,Janney Red,,A name 3,Some Name 5,,,,,Contractor 2,PB-1119,,D-1234,840000010,No,H20,A Project name with information 17,Replacement,Replacement,2024,2025,,Staion Name,L-300B,125.25,126.25,,,A City 17,County 17,,,,,2-Oct-25,,,,,,2-Dec-25,,2-Feb-25,,26-Jan-26,,27-Jan-26,,,,,,1-Nov-25,,1-Dec-25,,12-Dec-25,,1-Dec-25,,30-Dec-25,,1-Jan-26,,,,2-Apr-26,,10-Apr-26,,,,31-Dec-26,,,,
18,Shaun Sauer,,,Paul Smith,,A name 3,Some Name 5,,,,,TBD,PB-1120,,D-1235,740000006,No,759,A Project name with information 18,Replacement,Station,2024,2025,18-Jan-2025,Staion Name,L-1580,125.25,126.25,,,A City 18,County 18,,,,,2-Oct-25,,,,1-Nov-25,,2-Dec-25,,2-Feb-25,,26-Jan-26,,27-Jan-26,,,,,,1-Nov-25,,1-Dec-25,,12-Dec-25,,,,30-Dec-25,,1-Jan-26,,,,2-Apr-26,,10-Apr-26,,,,31-Dec-26,,,,
19,Shaun Sauer,Assigned,,Joe Smith,,A name 3,Some Name 5,,,,,Contractor 2,PB-1121,,D-1236,740000008,No,H21,A Project name with information 19,Station,Replacement,2024,2025,19-Jan-2025,Staion Name,L-1816,125.25,126.25,,,A City 19,County 19,,,,,2-Oct-25,,,,1-Nov-25,,2-Dec-25,,2-Feb-25,,26-Jan-26,,,,,,,,1-Nov-25,,1-Dec-25,,12-Dec-25,,1-Dec-25,,30-Dec-25,,1-Jan-26,,,,2-Apr-26,,10-Apr-26,,,,31-Dec-26,,,,
20,Shaun Sauer,,,Paul Smith,,A Name 2,Some Name 2,,,,,Contractor 2,PB-1122,,D-1237,740000009,No,760,A Project name with information 20,Strength Test,Replacement,2024,2025,20-Jan-2025,Staion Name,L-300A,125.25,126.25,,,A City 20,County 20,,,,,2-Oct-25,,,,1-Nov-25,,2-Dec-25,,2-Feb-25,,26-Jan-26,,27-Jan-26,,,,,,1-Nov-25,,1-Dec-25,,12-Dec-25,,1-Dec-25,,30-Dec-25,,1-Jan-26,,,,2-Apr-26,,10-Apr-26,,,,31-Dec-26,,,,
21,Shaun Sauer,,,Paul Smith,,A Name 2,Some Name 2,,,,,Contractor 3,PB-1123,,D-1234A,740000010,No,H22,A Project name with information 21,Corrosion,Station,2024,2025,21-Jan-2025,Staion Name,L-204,125.25,126.25,,,A City 21,County 21,,,,,2-Oct-25,,,,1-Nov-25,,2-Dec-25,,2-Feb-25,,26-Jan-26,,27-Jan-26,,,,,,1-Nov-25,,1-Dec-25,,12-Dec-25,,1-Dec-25,,30-Dec-25,,1-Jan-26,,,,2-Apr-26,,10-Apr-26,,,,31-Dec-26,,,,
22,Shaun Sauer,,,Joe Smith,,A Name 2,Some Name 2,,,,,Contractor 3,PB-1124,,D-1234B,740000011,Yes,761,A Project name with information 22,Digs,Strength Test,2024,2025,22-Jan-2025,Staion Name,L-300B,125.25,126.25,,,A City 22,County 22,,,,,2-Oct-25,,,,1-Nov-25,,2-Dec-25,,2-Feb-25,,,,27-Jan-26,,,,,,1-Nov-25,,1-Dec-25,,12-Dec-25,,1-Dec-25,,30-Dec-25,,1-Jan-26,,,,2-Apr-26,,10-Apr-26,,,,31-Dec-26,,,,
23,Shaun Sauer,Assigned,,Joe Smith,,A name 4,Some Name 2,,,,,Contractor 7,PB-1125,,D-1234C,740000012,Yes,H23,A Project name with information 23,Replacement,Replacement,2024,2025,23-Jan-2025,Staion Name,L-2052,125.25,126.25,,,A City 23,County 23,,,,,2-Oct-25,,,,1-Nov-25,,2-Dec-25,,2-Feb-25,,26-Jan-26,,27-Jan-26,,,,,,1-Nov-25,,1-Dec-25,,12-Dec-25,,1-Dec-25,,30-Dec-25,,1-Jan-26,,,,2-Apr-26,,10-Apr-26,,,,31-Dec-26,,,,
24,Shaun Sauer,Assigned,,Joe Smith,,A name 4,Some Name 2,,,,,Contractor 7,PB-1126,,D-1234D,740000013,Yes,762,A Project name with information 24,Replacement,Replacement,2025,2026,24-Jan-2025,Staion Name,L-2288,125.25,126.25,,,A City 24,County 24,,,,,2-Oct-25,,,,,,2-Dec-25,,2-Feb-25,,26-Jan-26,,27-Jan-26,,,,,,1-Nov-25,,1-Dec-25,,12-Dec-25,,1-Dec-25,,30-Dec-25,,1-Jan-26,,,,2-Apr-26,,10-Apr-26,,,,31-Dec-26,,,,
25,Shaun Sauer,Assigned,,Janney Red,,A name 4,Some Name 2,,,,,TBD,,,S-1234,740000014,Yes,H24,A Project name with information 25,Station,Station,2026,2027,25-Jan-2025,Staion Name,L-300A,125.25,126.25,,,A City 25,County 25,,,,,2-Oct-25,,,,1-Nov-25,,,,2-Feb-25,,26-Jan-26,,27-Jan-26,,,,,,1-Nov-25,,1-Dec-25,,12-Dec-25,,1-Dec-25,,30-Dec-25,,1-Jan-26,,,,2-Apr-26,,10-Apr-26,,,,31-Dec-26,,,,
26,Jane Smith,Assigned,,Paul Smith,,A name 3,Some Name 1,,,,,Contractor 2,,,A-1237,740000015,No,H13,A Project name with information 26,Replacement,Replacement,2024,2025,,Staion Name,L-2052,125.25,126.25,,,A City 26,County 26,,,,,2-Oct-25,,,,1-Nov-25,,2-Dec-25,,2-Feb-25,,26-Jan-26,,27-Jan-26,,,,,,1-Nov-25,,,,12-Dec-25,,1-Dec-25,,30-Dec-25,,1-Jan-26,,,,2-Apr-26,,10-Apr-26,,,,31-Dec-26,,,,
27,Shaun Sauer,Assigned,,Joe Smith,,A name 1,Some Name 2,,,,,Contractor 4,,,A-1238,740000016,Yes,752,A Project name with information 27,Replacement,Station,2024,2025,27-Jan-2025,Staion Name,L-2288,125.25,126.25,,,A City 27,County 27,,,,,2-Oct-25,,,,1-Nov-25,,2-Dec-25,,2-Feb-25,,26-Jan-26,,27-Jan-26,,,,,,1-Nov-25,,1-Dec-25,,12-Dec-25,,1-Dec-25,,30-Dec-25,,1-Jan-26,,,,2-Apr-26,,10-Apr-26,,,,31-Dec-26,,,,
28,Jane Smith,Assigned,,Janney Red,,A name 4,Some Name 3,,,,,Contractor 2,,,A-1239,740000017,Yes,H14,A Project name with information 28,Station,Replacement,2025,2025,28-Jan-2025,Staion Name,L-300A,125.25,126.25,,,A City 28,County 28,,,,,2-Oct-25,,,,1-Nov-25,,2-Dec-25,,2-Feb-25,,26-Jan-26,,27-Jan-26,,,,,,1-Nov-25,,1-Dec-25,,12-Dec-25,,,,30-Dec-25,,1-Jan-26,,,,2-Apr-26,,10-Apr-26,,,,31-Dec-26,,,,
29,Shaun Sauer,Assigned,,Paul Smith,,A name 4,Some Name 4,,,,,TBD,,,T-1238,740000018,No,753,A Project name with information 29,Strength Test,Replacement,2026,2025,29-Jan-2025,Staion Name,L-205,125.25,126.25,,,A City 29,County 29,,,,,2-Oct-25,,,,1-Nov-25,,2-Dec-25,,2-Feb-25,,26-Jan-26,,27-Jan-26,,,,,,,,1-Dec-25,,12-Dec-25,,1-Dec-25,,30-Dec-25,,1-Jan-26,,,,2-Apr-26,,10-Apr-26,,,,31-Dec-26,,,,
30,Jane Smith,Assigned,,Joe Smith,,A name 4,Some Name 5,,,,,TBD,,,T-1239,740000019,Yes,H15,A Project name with information 30,Corrosion,Station,2026,2025,30-Jan-2025,Staion Name,L-201,125.25,126.25,,,A City 30,County 30,,,,,2-Oct-25,,,,1-Nov-25,,2-Dec-25,,2-Feb-25,,26-Jan-26,,27-Jan-26,,,,,,1-Nov-25,,1-Dec-25,,12-Dec-25,,1-Dec-25,,30-Dec-25,,1-Jan-26,,,,2-Apr-26,,10-Apr-26,,,,31-Dec-26,,,,
31,Jane Smith,,,Paul Smith,,A name 5,Some Name 2,,,,,TBD,,,D-1234B,740000020,No,H14,A Project name with information 31,Replacement,Replacement,2024,2025,31-Jan-2025,Staion Name,L-300B,125.25,126.25,,,A City 31,County 31,,,,,2-Oct-25,,,,1-Nov-25,,2-Dec-25,,2-Feb-25,,26-Jan-26,,27-Jan-26,,,,,,,,1-Dec-25,,12-Dec-25,,1-Dec-25,,30-Dec-25,,1-Jan-26,,,,2-Apr-26,,10-Apr-26,,,,31-Dec-26,,,,
32,Jane Smith,,,Paul Smith,,A name 4,Some Name 2,,,,,Contractor 2,,,D-1234C,740000021,No,753,A Project name with information 32,Station,Station,2025,2025,1-Feb-2025,Staion Name,L-636,125.25,126.25,,,A City 32,County 32,,,,,2-Oct-25,,,,1-Nov-25,,2-Dec-25,,2-Feb-25,,26-Jan-26,,27-Jan-26,,,,,,1-Nov-25,,1-Dec-25,,12-Dec-25,,1-Dec-25,,30-Dec-25,,1-Jan-26,,,,2-Apr-26,,10-Apr-26,,,,31-Dec-26,,,,
33,Jane Smith,,,Joe Smith,,A name 5,Some Name 2,,,,,Contractor 2,,,D-1234D,740000022,No,H15,A Project name with information 33,Strength Test,Strength Test,2026,2025,2-Feb-2025,Staion Name,L-872,125.25,126.25,,,A City 33,County 33,,,,,2-Oct-25,,,,1-Nov-25,,2-Dec-25,,2-Feb-25,,26-Jan-26,,,,,,,,1-Nov-25,,1-Dec-25,,12-Dec-25,,1-Dec-25,,30-Dec-25,,1-Jan-26,,,,2-Apr-26,,10-Apr-26,,,,31-Dec-26,,,,
34,Jane Smith,Assigned,,Joe Smith,,A name 4,Some Name 1,,,,,Contractor 3,,,S-1235,740000023,No,754,A Project name with information 34,Corrosion,Corrosion,2024,2025,3-Feb-2025,Staion Name,L-300A,125.25,126.25,,,A City 34,County 34,,,,,2-Oct-25,,,,1-Nov-25,,2-Dec-25,,2-Feb-25,,26-Jan-26,,27-Jan-26,,,,,,1-Nov-25,,1-Dec-25,,12-Dec-25,,1-Dec-25,,30-Dec-25,,1-Jan-26,,,,2-Apr-26,,10-Apr-26,,,,31-Dec-26,,,,
35,Jane Smith,Assigned,,Joe Smith,,A name 4,Some Name 2,,,,,Contractor 3,,,A-1240,740000024,Yes,H16,A Project name with information 35,Digs,Digs,2025,2025,4-Feb-2025,Staion Name,L-202,125.25,126.25,,,A City 35,County 35,,,,,2-Oct-25,,,,1-Nov-25,,2-Dec-25,,2-Feb-25,,26-Jan-26,,27-Jan-26,,,,,,1-Nov-25,,1-Dec-25,,12-Dec-25,,1-Dec-25,,30-Dec-25,,1-Jan-26,,,,2-Apr-26,,10-Apr-26,,,,31-Dec-26,,,,
36,Jane Smith,Assigned,,Joe Smith,,A name 5,Some Name 3,,,,,Contractor 7,,,A-1241,740000025,Yes,H15,A Project name with information 36,In-Line Inspection,In-Line Inspection,2026,2025,5-Feb-2025,Staion Name,L-300B,125.25,126.25,,,A City 36,County 36,,,,,2-Oct-25,,,,1-Nov-25,,2-Dec-25,,2-Feb-25,,26-Jan-26,,27-Jan-26,,,,,,1-Nov-25,,1-Dec-25,,12-Dec-25,,1-Dec-25,,30-Dec-25,,1-Jan-26,,,,2-Apr-26,,10-Apr-26,,,,31-Dec-26,,,,
37,Jane Smith,Assigned,,Janney Red,,A name 4,Some Name 4,,,,,Contractor 7,,,A-1242,740000026,Yes,754,A Project name with information 37,Assest Engineering,Assest Engineering,2024,2025,6-Feb-2025,Staion Name,L-1108,125.25,126.25,,,A City 37,County 37,,,,,2-Oct-25,,,,1-Nov-25,,2-Dec-25,,2-Feb-25,,26-Jan-26,,27-Jan-26,,,,,,1-Nov-25,,1-Dec-25,,12-Dec-25,,1-Dec-25,,30-Dec-25,,1-Jan-26,,,,2-Apr-26,,10-Apr-26,,,,31-Dec-26,,,,
38,Jane Smith,Assigned,,Paul Smith,,A name 4,Some Name 5,,,,,TBD,,,T-1240,740000027,Yes,H16,A Project name with information 38,Replacement,Replacement,2025,2025,7-Feb-2025,Staion Name,L-1344,125.25,126.25,,,A City 38,County 38,,,,,2-Oct-25,,,,1-Nov-25,,2-Dec-25,,2-Feb-25,,26-Jan-26,,27-Jan-26,,,,,,1-Nov-25,,1-Dec-25,,12-Dec-25,,1-Dec-25,,30-Dec-25,,1-Jan-26,,,,2-Apr-26,,10-Apr-26,,,,31-Dec-26,,,,
39,Jane Smith,Assigned,,Joe Smith,,A name 3,Some Name 2,,,,,Contractor 2,,,T-1241,740000028,No,755,A Project name with information 39,Replacement,Replacement,2026,2025,8-Feb-2025,Staion Name,L-300A,125.25,126.25,,,A City 39,County 39,,,,,2-Oct-25,,,,1-Nov-25,,2-Dec-25,,2-Feb-25,,26-Jan-26,,27-Jan-26,,,,,,1-Nov-25,,1-Dec-25,,12-Dec-25,,1-Dec-25,,30-Dec-25,,1-Jan-26,,,,2-Apr-26,,10-Apr-26,,,,31-Dec-26,,,,
40,Jane Smith,Assigned,,Janney Red,,A name 3,Some Name 2,,,,,Contractor 4,,,D-1234B,740000029,Yes,H17,A Project name with information 40,Replacement,Replacement,2024,2025,,Staion Name,L-203,125.25,126.25,,,A City 40,County 40,,,,,2-Oct-25,,,,1-Nov-25,,2-Dec-25,,2-Feb-25,,26-Jan-26,,27-Jan-26,,,,,,1-Nov-25,,1-Dec-25,,12-Dec-25,,1-Dec-25,,30-Dec-25,,1-Jan-26,,,,2-Apr-26,,10-Apr-26,,,,31-Dec-26,,,,
41,Jane Smith,Assigned,,Paul Smith,,A name 3,Some Name 2,,,,,Contractor 2,,,D-1234C,740000030,Yes,H16,A Project name with information 41,Replacement,Replacement,2025,2025,10-Feb-2025,Staion Name,L-300B,125.25,126.25,,,A City 41,County 41,,,,,2-Oct-25,,,,1-Nov-25,,2-Dec-25,,2-Feb-25,,26-Jan-26,,27-Jan-26,,,,,,1-Nov-25,,1-Dec-25,,12-Dec-25,,1-Dec-25,,30-Dec-25,,1-Jan-26,,,,2-Apr-26,,10-Apr-26,,,,31-Dec-26,,,,
42,Jane Smith,Assigned,,Paul Smith,,A name 4,Some Name 3,,,,,Contractor 3,,,D-1234C,740000031,Yes,H17,A Project name with information 42,Replacement,Replacement,2025,2025,11-Feb-2025,Staion Name,L-300B,125.25,126.25,,,A City 42,County 42,,,,,2-Oct-25,,,,1-Nov-25,,2-Dec-25,,2-Feb-25,,26-Jan-26,,27-Jan-26,,,,,,1-Nov-25,,1-Dec-25,,12-Dec-25,,1-Dec-25,,30-Dec-25,,1-Jan-26,,,,2-Apr-26,,10-Apr-26,,,,31-Dec-26,,,,
